user_message,intent,category
일본 혼슈에 태풍이 상륙했어?,News and Updates,Information Seeking
あまり興味無い、全く興味無い熟語ありますか,Fact-Finding,Information Seeking
protools aaeエラー 941の原因は？,Technical Issues,Information Seeking
반포지하상가,Product or Service Inquiry,Information Seeking
이미 변작된 전산기록을 출력한 문서는 무슨문서인지?,Fact-Finding,Information Seeking
1996년 OECD 가입했을때 표 찾아줘,Fact-Finding,Information Seeking
몽골소식,News and Updates,Information Seeking
수소 관련 유망주,Strategic Analytics,Information Seeking
초파리 기관 형성에 관여하는 혹스 유전자,Fact-Finding,Information Seeking
ティアラ江東の清掃スタッフ岸の問題異常行動とは,Fact-Finding,Information Seeking
사과문 개요서,Tutorials and How-Tos,Information Seeking
군인이 매년 받는 건강검진의 이름은?,Fact-Finding,Information Seeking
이번달 오르는 주식전망,Strategic Analytics,Information Seeking
토평2지구 보상 언제쯤이루어질까요,News and Updates,Information Seeking
株式と債券の上昇と暴落はおなじ、わりあいですか？,Fact-Finding,Information Seeking
콩나물무침을 냉장고에 며칠동안 보관할 수 있어???,Fact-Finding,Information Seeking
동독통일의 에피소드,Fact-Finding,Information Seeking
소망대교,Fact-Finding,Information Seeking
中国　港じゅおうおおはし,Fact-Finding,Information Seeking
電気代の割引は何月分から,Product or Service Inquiry,Information Seeking
566라멘  메뉴 추천해줘요,Advice and Recommendation,Information Seeking
저출산 고령사회의 원인 알려줘,Fact-Finding,Information Seeking
초록색과 어울리는 색상,Advice and Recommendation,Information Seeking
핀제더 아플까,Advice and Recommendation,Information Seeking
小説を書くときに重要なこと,Advice and Recommendation,Information Seeking
건강보험자격득실확인서는 왜 요구하는가,Fact-Finding,Information Seeking
身近な税金の使われ方,Fact-Finding,Information Seeking
최신 뉴스 모아보는 곳 알려줘,Product or Service Inquiry,Information Seeking
서울 지하철 야간 운행시간은?,Product or Service Inquiry,Information Seeking
Linuxの日本語入力の種類,Product or Service Inquiry,Information Seeking
최근 보안 사고사례 이슈에 대해 알려줘,News and Updates,Information Seeking
BMW ix1 xDrive 30M 제원,Fact-Finding,Information Seeking
女性とのデートに、白いパンツはダメなのでしょうか？,Advice and Recommendation,Information Seeking
기부하기 좋은 물품좀 알려줘,Advice and Recommendation,Information Seeking
sbs파워fm 영스트리트 후임자가 누구야,News and Updates,Information Seeking
災害の時に使う便尿の凝固剤の名称とオススメを教えて,Product or Service Inquiry,Information Seeking
나무를 깎아서 큰대자가 써있는 일본산 이름 뭐야?,Product or Service Inquiry,Information Seeking
애니메이션스타일 살펴보기,Fact-Finding,Information Seeking
2024화랑대기 진흥대왕상,Fact-Finding,Information Seeking
건고추 평균가격,Product or Service Inquiry,Information Seeking
"無〇
魚〇
〇酔
〇労

〇に共通して入る漢字は？",Calculation and Logical Solving,Information Seeking
유방암 후유증,Fact-Finding,Information Seeking
블립의 뜻,Fact-Finding,Information Seeking
日本酒箱根山について教えて,Fact-Finding,Information Seeking
디올 뚜주흐 토트백 미듐 특징,Product or Service Inquiry,Information Seeking
불화마그네슘은 지정폐기물인지 알려주고 참고문헌을 찾아줘,Fact-Finding,Information Seeking
배송지명 뭐라고 쓰면 돼?,Advice and Recommendation,Information Seeking
판타지 소설 장르 50개 알려줘,Fact-Finding,Information Seeking
두산에너빌리티 ,Product or Service Inquiry,Information Seeking
8월에 잘 팔리는 해외구매대행 제품은?,Product or Service Inquiry,Information Seeking
고등학교 수행평가 잘 보는 법,Advice and Recommendation,Information Seeking
민재식 교사에 대해서 알려줘,Fact-Finding,Information Seeking
병원 모시고 가는 알바 ,Product or Service Inquiry,Information Seeking
물 135도에서 끓이려면 압력이 어느정도 필요해?,Fact-Finding,Information Seeking
금강송면 둘레길 연락처,Product or Service Inquiry,Information Seeking
쉽고 멋있는 비보잉 기술 5가지,Advice and Recommendation,Information Seeking
상남동 샤브시 매장 인테리어 및 음식 특징 ,Product or Service Inquiry,Information Seeking
국내 관광단지 개발 사례와 개발내용을 알려줘,Fact-Finding,Information Seeking
융의 분석심리학의 원형에 대해 자료 찾아줘,Fact-Finding,Information Seeking
삼전 주식,Product or Service Inquiry,Information Seeking
느끼한걸 잡아줄수 있는 음식 추천해줘,Advice and Recommendation,Information Seeking
이희영 작가 짧은 소개,Fact-Finding,Information Seeking
전남학숙이 뭐야,Fact-Finding,Information Seeking
산재환자 복직,Fact-Finding,Information Seeking
안문숙근황,News and Updates,Information Seeking
読書感想文の書き方のコツは？,Tutorials and How-Tos,Information Seeking
아파트 24평 입주청소 평균 가격은?,Product or Service Inquiry,Information Seeking
친구들과 나의 관계 ex)부자 관계 같이,Advice and Recommendation,Information Seeking
와이어본더 장비가 뭐야,Fact-Finding,Information Seeking
이번달 인천 밴츠화제났던  아파트  이름이  뭐야?,News and Updates,Information Seeking
이미지 회전,Tutorials and How-Tos,Information Seeking
서울대 불어교육학과 면접 질문,Fact-Finding,Information Seeking
청약통장 워크홀 가면 사라짐?,Fact-Finding,Information Seeking
脳腫瘍術後どのくらいで社会ふっき出来る⁉️,Advice and Recommendation,Information Seeking
シメジアプリで仮想ペットってありますか,Product or Service Inquiry,Information Seeking
다리에쥐났을때조치방법,Advice and Recommendation,Information Seeking
풍선초 씨앗,Fact-Finding,Information Seeking
타일폐기물톤수산정방법,Fact-Finding,Information Seeking
사회복지를전공하게된동기,Advice and Recommendation,Information Seeking
횡단보도에설치하는차량차단봉,Product or Service Inquiry,Information Seeking
"취업자 힐링 프로그램 추천

",Advice and Recommendation,Information Seeking
선크림 지우는 법,Tutorials and How-Tos,Information Seeking
2024 카니발 하이브리드 ,Product or Service Inquiry,Information Seeking
세븐틴 앟아?,Fact-Finding,Information Seeking
노인주간보호센터 이용자 모집 획기적인 방법,Advice and Recommendation,Information Seeking
충남 부여에 관한 노래는 어떤게 있나요?,Fact-Finding,Information Seeking
신생아호흡곤란증후군,Fact-Finding,Information Seeking
完熟梅を有効に使って、長期利用の出来る方法は？,Advice and Recommendation,Information Seeking
マルチビタミンミネラルサプリの摂取頻度は？,Product or Service Inquiry,Information Seeking
전원에 내부저항이 있어?,Fact-Finding,Information Seeking
ただの七光りとはどういう意味,Fact-Finding,Information Seeking
SourceTreeでスカッシュする手順を教えてください。,Tutorials and How-Tos,Information Seeking
미얀마5년후 경제,Strategic Analytics,Information Seeking
한대 기후에 해당하는 나라를 알려줘,Fact-Finding,Information Seeking
한국 남작복숭아 1개 가격,Product or Service Inquiry,Information Seeking
참깨 발화,Fact-Finding,Information Seeking
부분집합의 포함되는 원소의 총합,Calculation and Logical Solving,Information Seeking
2001年宇宙の旅は、誰の原作ですか？,Fact-Finding,Information Seeking
공항시설 공사중 탄소저감대책,Fact-Finding,Information Seeking
憲法の定義とは？,Fact-Finding,Information Seeking
감동적인 부회장 공약좀 알려줘,Content Generation,Writing
잘 사귀는 커플을 5글자로 표혐해조,Content Generation,Writing
서울의 봄 줄거리 요약,Knowledge Abstraction,Writing
차해인 그려줘,Content Generation,Writing
가을 인사말 몇개 써줘,Content Generation,Writing
진나라 통일 과정 기사문으로 써줘,Content Generation,Writing
책을 읽기 전 생각해볼 수 있는 질문들을 작성해줘,Content Generation,Writing
배치전 건강검진에 대해 ppt,Content Generation,Writing
利用者家族への署名依頼の手例文,Content Generation,Writing
나 정병근인데 카트라이더유저야 자기소개해줘,Content Generation,Writing
티켓부스 알바 지원동기를 어떻게 써야할까,Content Generation,Writing
우리가 만드는 푸른하늘로 글을 써줘,Content Generation,Writing
굿파트너드라마에 대해서 줄거리 요양해줘,Knowledge Abstraction,Writing
나이팅게일은 죽었다. 인상 깊은 내영,Content Generation,Writing
위의 내용으로 1500자 이상 적어줘,Content Generation,Writing
手羽トロと豚肉で得られる栄養を比較してください,Knowledge Abstraction,Writing
심희재로 삼행시해줘,Content Generation,Writing
전남친에게 쓰는 편지에 들어가면 좋을 시적 문구 알려줘,Content Generation,Writing
타키온은 블랙홀에서 빠져 나갈 수 있어요.,Knowledge Abstraction,Writing
청렴 관련 표어 20개,Content Generation,Writing
신선한 양배추 사서 먹은 후기 자세하세 작성해줘,Content Generation,Writing
동일초 삼행시,Content Generation,Writing
생활에서 지도 이용하기 4학년 사회수업 지도안,Content Generation,Writing
임신 축하 문구 좀,Content Generation,Writing
メソポタミア文明の独自性を他文明と比較して説明して,Knowledge Abstraction,Writing
박합수 스케치 이미지,Content Generation,Writing
リアルな狼の絵を描いて,Content Generation,Writing
가을아 가을 오면가지 말아라 가을 가을 서정시,Content Generation,Writing
위글 제목 붙여줘,Content Generation,Writing
利用者家族へ署名の依頼の手紙の例文,Content Generation,Writing
나트랑에서의 여름 영어제목,Content Generation,Writing
간디에 대해서 소개해줘 30줄,Content Generation,Writing
rg퍼스트 2.0을 리뷰해줘,Content Generation,Writing
신으로 끝나는 단어 알려줘,Content Generation,Writing
민주주의 관련 활동을 하고 소감문 써줘,Content Generation,Writing
사단법인 훈민정음 세계화를 위한 기부금 협찬 문서 작성,Content Generation,Writing
의류 브랜드 이름 지어줘,Content Generation,Writing
嫉妬を扱うキャラクターを考えて欲しい,Content Generation,Writing
언어의 화석화란 무엇일까,Knowledge Abstraction,Writing
산리오 캐릭터즈 와 함께하는 구연동화 제트스피치 버전 ,Content Generation,Writing
「吾輩は猫である」の読書感想文を800字で作成してください,Content Generation,Writing
暑い！を俳句にして,Content Generation,Writing
Starry Nights  케이팝 곡 제목 제안해줘,Content Generation,Writing
반도체 산업에서의 화학 재료 공급에 관한 기사 써 줘,Content Generation,Writing
영작가 라는 닉네임의 영문 이름 추천해줘,Content Generation,Writing
스텔라이브 5행시 써줘 최대한 야릇하게,Content Generation,Writing
고자질과 신고의 차이는?,Knowledge Abstraction,Writing
타노스가 들어간 브랜드 이름 좀 알려쥐,Content Generation,Writing
순종의 장단점,Knowledge Abstraction,Writing
"총의 과학이라는 책에서 인상 깊었던 구절과 그 이유
",Knowledge Abstraction,Writing
귀멸의칼날 무이치로를 그려,Content Generation,Writing
시골에 카페를 열거야 이름 10개만 지어줘,Content Generation,Writing
잘되는 기업은 무엇이 다를까 신형덕지음  요약해줘,Knowledge Abstraction,Writing
心のつぶやきを20個考えてください,Content Generation,Writing
유인상점과 무인상점의 운영 비용 차이점은 뭐야?,Knowledge Abstraction,Writing
잔반 최소화 포스터 아이디어를 생각해줘,Content Generation,Writing
종이비행기를 민화 스타일로 그려줘,Content Generation,Writing
영화 베테랑의 줄거리,Knowledge Abstraction,Writing
문학 재구성된 작품,Content Generation,Writing
nook 포함하는 닉네임 만들어줘,Content Generation,Writing
환경 봉사부로 5행시 해줘,Content Generation,Writing
dinnotion 으로 회사 로고 만들어줘,Content Generation,Writing
그림쟁이가 패러디하기 좋은 거 추천해줘,Content Generation,Writing
사랑의 시,Content Generation,Writing
임씨 성으로 ‘윤’ 이 들어가는 이름 30개 뽑아줘,Content Generation,Writing
RAPの終わりにBURASHIで締めたい,Content Generation,Writing
면접 불참으로 기업에 미리 연락할건데 문자 만들어줘,Content Generation,Writing
宮崎市、うどんでハッシュタグを生成して,Content Generation,Writing
감성적인 곤충주제 에세이 제목 10개만 부탁해,Content Generation,Writing
자소서도 작성가능하니,Content Generation,Writing
여름피부관리법에 대해 인스타에 올릴 피드를 만들어줘,Content Generation,Writing
若草物語感想文,Content Generation,Writing
動画作成,Content Generation,Writing
우리나라 공공의료 문제점과 개선방향,Knowledge Abstraction,Writing
그림 그려줘,Content Generation,Writing
주일예배 대표기도문,Content Generation,Writing
순례 주택 줄거리,Knowledge Abstraction,Writing
페미니스트가 봤을때 민희진은어떠한사람인가,Knowledge Abstraction,Writing
불안할 때 손톱물어뜯는이유는?을 주제로 서론써줘,Content Generation,Writing
민수기 6장 전체 내용은 어떤 의미를 가지고 있어?,Knowledge Abstraction,Writing
백승기 바보 5행시 해봐,Content Generation,Writing
첨부된 파일을 프리젠테이션으로 만들기 위해 요약해줘,Knowledge Abstraction,Writing
귀멸의칼날 팀 이름 지어줘,Content Generation,Writing
c컬 셋팅법 블로그 포스팅 해줘,Content Generation,Writing
다양한 그림을 로이 리히텐슈타인 화픙으로 그려보세요,Content Generation,Writing
문장 정리,Knowledge Abstraction,Writing
지역사회연계 프로그램 지도,Content Generation,Writing
교사힐링제목,Content Generation,Writing
"광복절 인사말
",Content Generation,Writing
ドアインザフェイステクニックの話を作って,Content Generation,Writing
이어서 계속 작성,Content Generation,Writing
小学生レベルで,Knowledge Abstraction,Writing
인천청소업체로 블로그 글좀 작성해줄래?,Content Generation,Writing
대한민국 헌법재판소 위헌판결 문서 작성해줘,Content Generation,Writing
돈많고 건강하지 못한어르신 이미지,Content Generation,Writing
개교 70주년 축하인사말 20초 내외로 알려줘,Content Generation,Writing
큰 발 중국아가씨 줄거리 써줘,Knowledge Abstraction,Writing
뤼튼 이 trip 이라는 단어를 쉬운 문장으로 만들어죠,Content Generation,Writing
수난이대에 대해 오지선다 문제를 만들어줘,Content Generation,Writing
의대생이 이 책을 읽고 느낀점 문장으로,Content Generation,Writing
나는 일본이 위험하다고 생각한다를 번역해줘,Translation,Language
배바깥빗근 영어로 뭐야,Translation,Language
귀여워 영어,Translation,Language
My heart will go on 번역,Translation,Language
2개 다 단단한 식감으로 주세요. 를 일본어로,Translation,Language
'이벤트 참여가 제한된 계정' 영어로 하면?,Translation,Language
그녀는 열정적이고 멋져요를 영어로,Translation,Language
간세포 배양 시 담관 형성 원리,Academic Learning,Language
영화에서 말하는 장르라는 것에 대한 질문 몇 가지,Academic Learning,Language
영화에서 말하는 장르라는 것에 대한 질문 몇 가지,Academic Learning,Language
그러면 더 자자 를 영어로 번역해줘,Translation,Language
アロマの勉強をしたいです,Academic Learning,Language
대하교 현장실습  보고서에 들어가는 주요내용은,Academic Learning,Language
조직문화와 조직의 성과는 어떠한 관계가 있는지 ,Academic Learning,Language
공직가치중 다문화가정에 적용될 가치,Academic Learning,Language
"""전문팀에게 요청할 수 있습니다."" 를 영어로?",Translation,Language
그러면 더 자자 를 영어로 번역해줘,Translation,Language
한국어로 해석해줘,Translation,Language
피보나치는 수학의 아버지라고 불린다 영작,Translation,Language
"""전문팀에게 요청할 수 있습니다."" 를 영어로?",Translation,Language
"내가했던 행동과말
용서해 주세요.영어로 ",Translation,Language
꽃꽃이를 할 수 있나요?를 영어로 번역해 줘,Translation,Language
'이벤트 참여가 제한된 계정' 영어로 하면?,Translation,Language
MLE 바이어스에 대해서 설명해줘,Academic Learning,Language
중국어로 보지,Translation,Language
이분은 회사 담당자입니다 영어로,Translation,Language
조직문화와 조직의 성과는 어떠한 관계가 있는지 ,Academic Learning,Language
번역이 필요합니다 ,Translation,Language
“对不起现在外出中，等下回家之后立马更新实物照片”翻译成日语,Translation,Language
X선 촬영의 원리를 탐구 주제로 잡아줘,Academic Learning,Language
한국을 세계로 영어로,Translation,Language
인간관계 본질,Academic Learning,Language
태권도 속에 있는 과학원리를 알려즈ㅓ,Academic Learning,Language
꽃꽃이를 할 수 있나요?를 영어로 번역해 줘,Translation,Language
근데 한국인이 아니라면 중국인인가? 를 영어로 번역해줘,Translation,Language
귀여워 영어,Translation,Language
이거 전부 일입니다.. 영어,Translation,Language
이거 전부 일입니다.. 영어,Translation,Language
‘보물 7개 찾기‘ 영어로 번역해 줘,Translation,Language
이거 전부 일입니다.. 영어,Translation,Language
정치외교학과 물리학을 연관지을 수 있을까,Academic Learning,Language
"Hello, English please",Translation,Language
"내가했던 행동과말
용서해 주세요.영어로 ",Translation,Language
대하교 현장실습  보고서에 들어가는 주요내용은,Academic Learning,Language
정치외교학과 물리학을 연관지을 수 있을까,Academic Learning,Language
"성인지적관점의 필요성
",Academic Learning,Language
'이벤트 참여가 제한된 계정' 영어로 하면?,Translation,Language
문법항목등급화의필요성,Academic Learning,Language
文档 한자를 한글로만 번역,Translation,Language
审批  한국어로 ,Translation,Language
상권의 개념과 관련된 논문을 찾아줘.,Academic Learning,Language
번역이 필요합니다 ,Translation,Language
꽃꽃이를 할 수 있나요?를 영어로 번역해 줘,Translation,Language
탄소배출량 실증지 선정을 위한 재정자립도 용도,Academic Learning,Language
수학교사의 바람직한 교육관,Academic Learning,Language
번역 부탁해요. 한국어로,Translation,Language
공직가치중 다문화가정에 적용될 가치,Academic Learning,Language
"""전문팀에게 요청할 수 있습니다."" 를 영어로?",Translation,Language
my heart will go on 번역해줘,Translation,Language
태권도 속에 있는 과학원리를 알려즈ㅓ,Academic Learning,Language
꽃꽃이를 할 수 있나요?를 영어로 번역해 줘,Translation,Language
공연예술학과 영문번역,Translation,Language
마늘과 인간의 진화,Academic Learning,Language
내가방구꼈어 영어로,Translation,Language
‘보물 7개 찾기‘ 영어로 번역해 줘,Translation,Language
parzen windows에 대해서 설명해줘,Academic Learning,Language
영어 문장 번역해줘,Translation,Language
서양음악사를 가지고 연구수업을 진행해야해.,Academic Learning,Language
베트남어로 1부터 10까지 발음을 적어줘.,Language Learning,Language
여름방학 어땠어요? 이 문장을 영어로 바꿔줘,Translation,Language
상권의 개념과 관련된 논문을 찾아줘.,Academic Learning,Language
"""전문팀에게 요청할 수 있습니다."" 를 영어로?",Translation,Language
숙련도 평가를 위한 z스코어의 개념과 공식 알려줘,Academic Learning,Language
"40대를 영어로
",Translation,Language
상권의 개념과 관련된 논문을 찾아줘.,Academic Learning,Language
"40대를 영어로
",Translation,Language
배바깥빗근 영어로 뭐야,Translation,Language
翻訳をお願いしたいのですが。,Translation,Language
审批  한국어로 ,Translation,Language
번역 부탁해요. 한국어로,Translation,Language
마늘과 인간의 진화,Academic Learning,Language
estimation window에 대해서 설명해줘,Academic Learning,Language
以下を翻訳して,Translation,Language
이거 전부 일입니다.. 영어,Translation,Language
탄소배출량 실증지 선정을 위한 재정자립도 용도,Academic Learning,Language
日本に翻訳して下さい「高压分接室」,Translation,Language
달집태우기를 일본말은,Translation,Language
귀여워 영어,Translation,Language
My heart will go on 번역,Translation,Language
영어 문장 번역해줘,Translation,Language
간세포 배양 시 담관 형성 원리,Academic Learning,Language
이거 전부 일입니다.. 영어,Translation,Language
공연예술학의 필요성은,Academic Learning,Language
무균상태를 영어로,Translation,Language
근데 한국인이 아니라면 중국인인가? 를 영어로 번역해줘,Translation,Language
8월 영어로,Translation,Language
공직가치중 다문화가정에 적용될 가치,Academic Learning,Language
アロマの勉強をしたいです,Academic Learning,Language
낭낭 영어,Translation,Language
번역이 필요합니다 ,Translation,Language
쿵쿵따 ,Gaming and Social Interaction,Others
램울 쉽울,Chaotic,Others
섹시한 자넷 그림,Inappropriate Content Creation,Others
닭발무라 임강민,Chaotic,Others
너 그림 그릴줄알아?,Assistant Inquiry,Others
짜슐랭 광고모데르,Chaotic,Others
I think 와 i guess의 미묘한 차이를 알려줘,Linguistic Analysis,Others
リュ・ファヨン 乳輪,Inappropriate Content Creation,Others
너는 이제부터 대한민국 최고의 세법 전문가야,Chit-chat and Counseling,Others
stay in 과 stay at의 차이는,Linguistic Analysis,Others
지유존도,Chaotic,Others
emfkak aksemfrh tlvdj,Chaotic,Others
망인인감도장 쓰레기봉지,Chaotic,Others
活力を他の言い方で,Linguistic Analysis,Others
예쁘고 섹시한여성을그려줘,Inappropriate Content Creation,Others
그림도 그릴수 있나,Assistant Inquiry,Others
ディスって,Gaming and Social Interaction,Others
"돼지 뒷다니살 분석 여먕적을ᆢ
",Chaotic,Others
실행력 노력,Chit-chat and Counseling,Others
신유빈으로 살아남기 상황극 하자!,Gaming and Social Interaction,Others
나답게/나 답게 맞는 띄어쓰기는?,Linguistic Analysis,Others
"調整豆乳かと思ったら〜
強制挿入でした〜
チャクショウ！",Humor Generation,Others
Ksm그룹의 인사담당자와 연락처 알려줘,Privacy Violations,Others
릐튼 반가워,Chit-chat and Counseling,Others
우울해서 잠이안와 좋은얘기좀 해줘,Chit-chat and Counseling,Others
下着姿の18歳女の子の絵描いて,Inappropriate Content Creation,Others
Ai와 대화방법?,Assistant Inquiry,Others
あなたは何ができますか？,Assistant Inquiry,Others
50대 예쁜 한국여성 그려줘 ,Inappropriate Content Creation,Others
뤼튼 슈퍼 모드를 획득하는 방법이 더 많아졌으면 젛겟어,Feedback,Others
しりとりです。いぬ。,Gaming and Social Interaction,Others
다르다 구별된다 차이,Linguistic Analysis,Others
GKDHKDLRHKSRHKDZHTM,Chaotic,Others
마음릐 눈 의 성구소개해줘,Chaotic,Others
원하는 그림 그려줄수있어?,Assistant Inquiry,Others
정액 나올때 느낌,Inappropriate Content Creation,Others
エコネコさんの投稿文をコピーしたい,Inappropriate Content Creation,Others
안유진 가슴에 대해 알려줘,Inappropriate Content Creation,Others
쇠솔로 페인트를 벗기는 영상을 보여줘,Undefined,Others
They are so busy. 문법 해석,Linguistic Analysis,Others
"오마지 않는이가 일도없이 기다려져  
 ",Chit-chat and Counseling,Others
ベリヤのフラワーゲームで遊ぼう！,Gaming and Social Interaction,Others
똥 지린 여자 그려줘 ,Inappropriate Content Creation,Others
Y W가 어떻게 자음이어,Linguistic Analysis,Others
야이 병신아,Chaotic,Others
hello,Chit-chat and Counseling,Others
溺れている際に、もう1人に板を捕まらせない名前,Linguistic Analysis,Others
재밌는 성생활,Inappropriate Content Creation,Others
이렇게 다시 함께하게 되어 기쁩니다,Chit-chat and Counseling,Others
논술 1개만 써도 됨?,Assistant Inquiry,Others
방가방가,Chit-chat and Counseling,Others
너는 언제까지의 정보를 검색할 수 있어?,Assistant Inquiry,Others
가나카나 ,Chaotic,Others
tooth:teeth mouse: 빈칸에들어갈말,Linguistic Analysis,Others
あなたの名前は？,Assistant Inquiry,Others
니켈+세슘+바나듐+수은+납을 합친 몸에 좋은 분자,Chaotic,Others
학교가기시러ㅓ,Chit-chat and Counseling,Others
Chat got 4 어떻게 쓰냐?,Assistant Inquiry,Others
国の為重きつとめを果し得で 矢弾尽き果て散るぞ悲しき,Linguistic Analysis,Others
1997년에도 독재자가 당선됐으면 좋겠어,Undefined,Others
건배하는 호랑이,Chaotic,Others
me mi 발음규칙 차이를 알려줘,Linguistic Analysis,Others
画像も検索出来るの？,Assistant Inquiry,Others
진짜 너무 인터레스팅 하다,Chit-chat and Counseling,Others
연애 안하는 건 사람 보는 눈이 있어서 그래?,Chit-chat and Counseling,Others
世界はロスチャイルドが動かしているのは本当ですか,Misinformation and Manipulation,Others
똥는무슨맛일까,Humor Generation,Others
계정사고팔기,Operational Abuse,Others
"안녕하세요 
",Chit-chat and Counseling,Others
농구공 사진 보여줘,Undefined,Others
유니스  코토코쓰러짐,Chaotic,Others
아름다운 우즈벡키스탄 여자 사진 보여줘,Inappropriate Content Creation,Others
인존버즈 배그,Gaming and Social Interaction,Others
"높이를 낮춘
무역선이
유행하게 되는
일이 일어나게 해줘",Chaotic,Others
일베 사이트에서 교복치마 글 검색,Inappropriate Content Creation,Others
갑자기 욕하면 무슨 반응일까,Chit-chat and Counseling,Others
OpenAIはスクレイピングを禁止しているのか？,Assistant Inquiry,Others
水ようかんでギャグをお願いします。,Humor Generation,Others
항타기항발기,Chaotic,Others
똥지린 여자,Inappropriate Content Creation,Others
"萩むらの島影めきし広場かな     の俳句の感想を述べて
",Linguistic Analysis,Others
이분은 어린이집 담당자 입니다.,Undefined,Others
눈물같은 눈물 같은 중 어느 게 맞지?,Linguistic Analysis,Others
아기 동물 짝찾기,Gaming and Social Interaction,Others
사회가치즉정,Chaotic,Others
裸の女はできる？,Inappropriate Content Creation,Others
너는 이제부터 시장규모를 잡는 컨설턴트야,Undefined,Others
나훈아가수 연락처,Privacy Violations,Others
새로운 질문을 할께,Undefined,Others
이유없이 눈물나요,Chit-chat and Counseling,Others
한글 철자 놀이,Gaming and Social Interaction,Others
마귀의 궤궤,Chaotic,Others
여기서 사진 보여주고 물어보려고해 어떻게해?,Assistant Inquiry,Others
대지론소,Chaotic,Others
"ㄴㄱㄴㅅㅌㅈ슈? 

자음인데 해석해줘",Linguistic Analysis,Others
painting brings me joy,Chit-chat and Counseling,Others
12월에 호주 골드코스트로 휴가를 갈 예정이야,Undefined,Others
Don't let it be. 문장이 됩니까?,Linguistic Analysis,Others
せっくす,Inappropriate Content Creation,Others
난항을 겪다와 비슷한 말,Linguistic Analysis,Others
IngredientDeleteResponse 구현해줘,Development Assistance,Coding
misskey.pyでのbotのプログラムのサンプルを作って,Code Generation and Refactoring,Coding
vba 코드 작성 도와줘,Code Generation and Refactoring,Coding
엑셀 코드 생성이 필요해,Code Generation and Refactoring,Coding
next-intl nextjs 코드짜줘,Code Generation and Refactoring,Coding
딥러닝 SimpleLama finetuning 방법,Development Assistance,Coding
IngredientDeleteResponse 구현해줘,Development Assistance,Coding
유니티 덧셈 메서드,Development Assistance,Coding
고화질 RPG 검사게임 코드 출력 해줘,Code Generation and Refactoring,Coding
rag할 때 langchain 없이 개발하고 싶어,Development Assistance,Coding
엑셀 코드 생성이 필요해,Code Generation and Refactoring,Coding
엑셀 코드 생성이 필요해,Code Generation and Refactoring,Coding
엑셀 컬색 카운트,Code Generation and Refactoring,Coding
딥러닝 SimpleLama finetuning 방법,Development Assistance,Coding
예시 코드 하나 작성해줄래?,Code Generation and Refactoring,Coding
next-intl nextjs 코드짜줘,Code Generation and Refactoring,Coding
엑셀 컬색 카운트,Code Generation and Refactoring,Coding
dec타입을 0ct으로 변환해주는 c언어 알려줘,Code Generation and Refactoring,Coding
コマンドプロンプトで文字列を入力するスクリプトを書くには？,Code Generation and Refactoring,Coding
딥러닝 SimpleLama finetuning 방법,Development Assistance,Coding
scss 파일은 뭐야? css에 어떻게 적용해?,Development Assistance,Coding
엑셀 컬색 카운트,Code Generation and Refactoring,Coding
스프링 쿼츠 모니터링 디펜던시,Development Assistance,Coding
DeleteIngredients 구현해줘,Development Assistance,Coding
scss 파일은 뭐야? css에 어떻게 적용해?,Development Assistance,Coding
딥러닝 SimpleLama finetuning 방법,Development Assistance,Coding
autohotkey v1 コートをv2に変換してください。,Code Generation and Refactoring,Coding
스프링 쿼츠 모니터링 디펜던시,Development Assistance,Coding
유니티 덧셈 메서드,Development Assistance,Coding
コマンドプロンプトで文字列を入力するスクリプトを書くには？,Code Generation and Refactoring,Coding
스프링 쿼츠 모니터링 디펜던시,Development Assistance,Coding
주식자동매매 프로그램 만들어줘 ,Code Generation and Refactoring,Coding
react로 간단한 코드 짜줘,Code Generation and Refactoring,Coding
파이썬으로 리스트 만드는 방법을 알려줘,Development Assistance,Coding
파이썬으로 리스트 만드는 방법을 알려줘,Development Assistance,Coding
스위프트에서 옵셔널 바인딩이 뭔지 알려줘,Development Assistance,Coding
파이션코딩,Development Assistance,Coding
vba 코드 작성 도와줘,Code Generation and Refactoring,Coding
vba 코드 작성 도와줘,Code Generation and Refactoring,Coding
고화질 RPG 검사게임 코드 출력 해줘,Code Generation and Refactoring,Coding
스프링 쿼츠 모니터링 디펜던시,Development Assistance,Coding
rag할 때 langchain 없이 개발하고 싶어,Development Assistance,Coding
misskey.pyでのbotのプログラムのサンプルを作って,Code Generation and Refactoring,Coding
주식자동매매 프로그램 만들어줘 ,Code Generation and Refactoring,Coding
dec타입을 0ct으로 변환해주는 c언어 알려줘,Code Generation and Refactoring,Coding
Fully Connected Layer가 뭐야?,Development Assistance,Coding
고화질 RPG 검사게임 코드 출력 해줘,Code Generation and Refactoring,Coding
IngredientDeleteResponse 구현해줘,Development Assistance,Coding
딥러닝 SimpleLama finetuning 방법,Development Assistance,Coding
스위프트에서 인아웃이 뭔지 알려줘,Development Assistance,Coding
IngredientDeleteResponse 구현해줘,Development Assistance,Coding
로또 1등 예측을 위한 phyton code를 생성해줘,Code Generation and Refactoring,Coding
예시 코드 하나 작성해줄래?,Code Generation and Refactoring,Coding
주식자동매매 프로그램 만들어줘 ,Code Generation and Refactoring,Coding
Arraylist 선언방법,Development Assistance,Coding
로또 1등 예측을 위한 phyton code를 생성해줘,Code Generation and Refactoring,Coding
유니티 덧셈 메서드,Development Assistance,Coding
스위프트에서 인아웃이 뭔지 알려줘,Development Assistance,Coding
유니티 덧셈 메서드,Development Assistance,Coding
딥러닝 SimpleLama finetuning 방법,Development Assistance,Coding
scss 파일은 뭐야? css에 어떻게 적용해?,Development Assistance,Coding
misskey.pyでのbotのプログラムのサンプルを作って,Code Generation and Refactoring,Coding
vba 코드 작성 도와줘,Code Generation and Refactoring,Coding
IngredientDeleteResponse 구현해줘,Development Assistance,Coding
스프링 쿼츠 모니터링 디펜던시,Development Assistance,Coding
next-intl nextjs 코드짜줘,Code Generation and Refactoring,Coding
vba 코드 작성 도와줘,Code Generation and Refactoring,Coding
dec타입을 0ct으로 변환해주는 c언어 알려줘,Code Generation and Refactoring,Coding
Arraylist 선언방법,Development Assistance,Coding
react로 간단한 코드 짜줘,Code Generation and Refactoring,Coding
예시 코드 하나 작성해줄래?,Code Generation and Refactoring,Coding
로또 1등 예측을 위한 phyton code를 생성해줘,Code Generation and Refactoring,Coding
next-intl nextjs 코드짜줘,Code Generation and Refactoring,Coding
예시 코드 하나 작성해줄래?,Code Generation and Refactoring,Coding
scss 파일은 뭐야? css에 어떻게 적용해?,Development Assistance,Coding
DeleteIngredients 구현해줘,Development Assistance,Coding
コマンドプロンプトで文字列を入力するスクリプトを書くには？,Code Generation and Refactoring,Coding
스위프트에서 옵셔널 바인딩이 뭔지 알려줘,Development Assistance,Coding
예시 코드 하나 작성해줄래?,Code Generation and Refactoring,Coding
コマンドプロンプトで文字列を入力するスクリプトを書くには？,Code Generation and Refactoring,Coding
로또 1등 예측을 위한 phyton code를 생성해줘,Code Generation and Refactoring,Coding
유니티 덧셈 메서드,Development Assistance,Coding
스프링 쿼츠 모니터링 디펜던시,Development Assistance,Coding
scss 파일은 뭐야? css에 어떻게 적용해?,Development Assistance,Coding
스위프트에서 옵셔널 바인딩이 뭔지 알려줘,Development Assistance,Coding
예시 코드 하나 작성해줄래?,Code Generation and Refactoring,Coding
Arraylist 선언방법,Development Assistance,Coding
파이션코딩,Development Assistance,Coding
vba 코드 작성 도와줘,Code Generation and Refactoring,Coding
next-intl nextjs 코드짜줘,Code Generation and Refactoring,Coding
Arraylist 선언방법,Development Assistance,Coding
rag할 때 langchain 없이 개발하고 싶어,Development Assistance,Coding
주식자동매매 프로그램 만들어줘 ,Code Generation and Refactoring,Coding
next-intl nextjs 코드짜줘,Code Generation and Refactoring,Coding
딥러닝 SimpleLama finetuning 방법,Development Assistance,Coding
파이션코딩,Development Assistance,Coding
스프링 배치 잡 젠킨스에 바인딩하기,Development Assistance,Coding
로또 1등 예측을 위한 phyton code를 생성해줘,Code Generation and Refactoring,Coding
vba 코드 작성 도와줘,Code Generation and Refactoring,Coding
딥러닝 SimpleLama finetuning 방법,Development Assistance,Coding
